state	expected_discomfort
exposed-1	3.413333308707572
exposed-2	4.26666664452076
exposed-3	5.333333313424922
recovered	-0.0
symptoms-1	6.666666648776131
symptoms-2	4.999999998887114
symptoms-3	1.6666666666324987
