state	expected_discomfort
exposed-1	10.239999960968518
exposed-2	12.799999960312345
exposed-3	15.999999959650703
recovered	-0.0
symptoms-1	19.999999958983594
symptoms-2	14.999999997309688
symptoms-3	4.999999999912511
