state	expected_sick_days
exposed-1	1.2499999918672466
exposed-2	2.4999999882928905
exposed-3	4.999999983154014
recovered	-0.0
symptoms-1	9.999999975768388
symptoms-2	6.66666666513596
symptoms-3	3.333333333285498
