state	expected_discomfort
exposed-1	0.7499999917490772
exposed-2	1.4999999873423342
exposed-3	2.9999999805868383
recovered	-0.0
symptoms-1	5.9999999702331515
symptoms-2	4.49999999803735
symptoms-3	1.4999999999360007
