state	expected_sick_days
symptoms-3	1.2499999918672466
symptoms-3	2.4999999882928905
symptoms-3	4.999999983154014
symptoms-3	-0.0
symptoms-3	9.999999975768388
symptoms-3	6.66666666513596
symptoms-3	3.333333333285498
