state	expected_discomfort
exposed-1	3.0719999740771007
exposed-2	3.8399999751511533
exposed-3	4.7999999761865215
recovered	-0.0
symptoms-1	5.999999977184201
symptoms-2	4.499999998512013
symptoms-3	1.4999999999520006
