state	speed_discomfort	minimize_discomfort
exposed-1	0.8333333249797888	0.7499999917490772
exposed-2	1.666666654642369	1.4999999873423342
exposed-3	3.333333316031843	2.9999999805868383
recovered	-0.0	-0.0
symptoms-1	6.666666641781152	5.9999999702331515
symptoms-2	4.999999998431083	4.49999999803735
symptoms-3	1.6666666666178556	1.4999999999360007
